TEST_ID,TEST_TYPE,TEST_FIELD,MODIFIER,TEST_VALUE,SUCCESS,FAILURE
1,BiggerThan,G1,DATA_TEST_F,40,G-2,G-102
2,SmallerThan,E_NI,G2,35,G-3,G-240
3,SmallerThan,E_CR,G2,30,G-4,G-240
4,SmallerThan,E_CR,G2,12.5,G-5,G-30
5,SmallerThan,E_NI,G2,2.5,G-6,G-16
6,SmallerThan,E_CR,G2,7.5,G-211,G-16
7,SmallerOrEqual,E_CR,G2,1.25,G-8,G-9
8,SmallerOrEqual,E_NI,G2,1.25,G-216,G-9
9,SmallerThan,E_CR,G2,2.5,G-10,G-11
10,SmallerThan,E_NI,G2,2.5,G-220,G-11
11,SmallerThan,E_CO,G3,1.5,G-12,G-14
12,BiggerThan,E_MO,G3,1.5,G-13,G-14
13,SmallerThan,E_MO,G3,6,R-111510,G-14
14,BiggerThan,E_CO,G3,2.5,G-15,R-111590
15,SmallerThan,E_CO,G3,6,R-111520,R-111590
16,BiggerThan,E_FE,G2,85,G-17,G-21
17,SmallerThan,E_FE,G2,100,G-18,G-21
18,SmallerOrEqual,E_CR,G2,7.5,G-19,G-21
19,SmallerThan,E_CR,G2,2.5,G-237,G-20
20,SmallerThan,E_CR,G2,5,G-247,R-111400
21,BiggerThan,E_CR,G2,7.5,G-22,G-25
22,SmallerThan,E_CR,G2,12.5,G-23,G-25
23,BiggerThan,E_FE,G2,80,G-24,G-25
24,SmallerThan,E_NI,G2,5,G-226,R-111720
25,BiggerThan,E_FE,G2,80,G-26,G-29
26,SmallerThan,E_FE,G2,85,G-27,G-29
27,SmallerOrEqual,E_CR,G2,7.5,G-28,G-29
28,BiggerThan,E_CO,G4,0.15,R-111710,R-111790
29,SmallerThan,E_NI,G2,15,R-112200,G-55
30,BiggerThan,E_NI,G2,2.5,G-31,G-36
31,SmallerThan,E_NI,G2,10,G-32,G-36
32,BiggerThan,E_CR,G2,15,G-33,G-36
33,SmallerThan,E_CR,G2,26,G-34,G-36
34,BiggerThan,E_MN,G2,10,G-35,G-36
35,SmallerThan,E_MN,G2,100,R-112310,G-36
36,BiggerThan,E_NI,G2,7.5,G-37,G-42
37,SmallerThan,E_NI,G2,20,G-38,G-42
38,BiggerThan,E_CR,G2,12.5,G-39,G-42
39,SmallerThan,E_CR,G2,21,G-40,G-42
40,BiggerThan,E_NI,G2,15,G-41,R-112000
41,SmallerOrEqual,E_NI,G2,20,R-112400,R-112000
42,BiggerThan,E_NI,G2,2.5,G-43,G-48
43,SmallerThan,E_NI,G2,7.5,G-44,G-48
44,BiggerThan,E_CR,G2,12.5,G-45,G-48
45,SmallerThan,E_CR,G2,17.5,G-46,G-48
46,BiggerThan,E_CU,G2,2.5,G-47,R-111990
47,SmallerThan,E_CU,G2,5.5,R-111910,R-111990
48,BiggerThan,E_CR,G2,12.5,G-49,G-51
49,SmallerThan,E_NI,G2,2.5,G-50,G-51
50,BiggerThan,E_FE,G2,80,G-229,G-51
51,BiggerThan,E_CR,G2,17.5,G-52,G-55
52,SmallerOrEqual,E_CR,G2,21,G-53,G-55
53,BiggerThan,E_NI,G2,5,G-54,G-55
54,SmallerOrEqual,E_NI,G2,7.5,R-112390,G-55
55,BiggerThan,E_CR,G2,7.5,G-56,G-61
56,SmallerOrEqual,E_CR,G2,17.5,G-57,G-61
57,BiggerThan,E_NI,G2,25,G-58,G-61
58,SmallerOrEqual,E_NI,G2,35,G-59,G-61
59,BiggerThan,E_FE,G2,50,G-60,G-61
60,SmallerThan,E_FE,G2,62.5,R-112100,G-61
61,SmallerThan,E_CR,G2,5,G-62,G-231
62,BiggerThan,E_NI,G2,30,R-114200,G-231
63,Equal,FIRST_ELEM,DATA_TEST_S,Ni,G-64,G-93
64,BiggerOrEqual,E_FE,G2,40,G-65,G-70
65,SmallerOrEqual,E_CR,G2,5,G-66,R-115100
66,BiggerThan,E_NI,G2,30,G-67,R-115100
67,SmallerThan,E_NI,G2,60,G-68,R-115100
68,BiggerThan,E_FE,G2,50,G-69,R-115100
69,SmallerThan,E_FE,G2,62.5,R-114200,R-115100
70,SmallerThan,E_CR,G2,10,G-71,G-74
71,BiggerThan,E_NI,G2,80,G-72,G-74
72,SmallerThan,E_FE,G2,10,G-73,G-74
73,Equal,FIRST_ELEM,DATA_TEST_S,Ni,G-245,G-74
74,BiggerThan,E_CR,G2,10,G-75,G-82
75,SmallerThan,E_CR,G2,22,G-76,G-82
76,BiggerThan,E_NI,G2,50,G-77,G-82
77,SmallerOrEqual,E_NI,G2,72,G-80,G-82
78,BiggerThan,E_MO,G5,4,G-79,R-129800
79,BiggerThan,E_W,G5,0.1,R-128000,R-129800
80,BiggerThan,E_NB,G5,1.5,G-81,G-78
81,BiggerThan,E_TI,G5,0.5,R-126000,G-78
82,BiggerThan,E_CR,G2,10,G-83,G-88
83,SmallerThan,E_CR,G2,25,G-84,G-88
84,SmallerThan,E_NI,G2,90,G-85,G-88
85,BiggerThan,E_TI,G5,1.2,R-125000,G-86
86,BiggerThan,E_NB,G5,15,G-87,R-127000
87,BiggerThan,E_MO,G5,4,R-124000,R-127000
88,BiggerOrEqual,E_NI,G2,85,G-89,G-91
89,BiggerThan,E_CR,G2,3.5,G-90,G-91
90,BiggerThan,G9,G2,0.005,R-122000,G-91
91,BiggerThan,E_CU,E_NI,0.2,R-123000,R-129900
93,BiggerOrEqual,G5,DATA_TEST_F,55,G-94,G-252
94,Equal,FIRST_ELEM,DATA_TEST_S,Cr,G-256,G-252
95,BiggerThan,E_CR,G2,40,G-97,G-100
97,BiggerThan,E_NI,G2,10,G-99,G-100
99,SmallerThan,E_FE,G2,10,R-192400,G-100
100,BiggerThan,G5,DATA_TEST_F,50,G-101,G-243
101,BiggerThan,E_CR,G5,80,R-490000,G-243
102,BiggerOrEqual,G8,DATA_TEST_F,55,G-103,G-117
103,Equal,FIRST_ELEM,DATA_TEST_S,Al,G-104,R-170000
104,BiggerThan,E_AL,G6,98,R-161000,G-105
105,Equal,SECOND_ELEM,DATA_TEST_S,Si,G-106,G-107
106,BiggerThan,G9,G6,0.03,R-164000,G-107
107,Equal,SECOND_ELEM,DATA_TEST_S,Cu,G-108,G-109
108,BiggerThan,E_CU,G6,3,R-162000,G-109
109,Equal,SECOND_ELEM,DATA_TEST_S,Mg,G-110,G-111
110,BiggerThan,E_MG,G6,3,R-165000,G-111
111,Equal,SECOND_ELEM,DATA_TEST_S,Zn,G-112,G-113
112,BiggerThan,E_ZN,G6,3,R-167000,G-113
113,Equal,SECOND_ELEM,DATA_TEST_S,Sn,G-114,G-115
114,BiggerThan,E_SN,G6,3,R-168000,G-115
115,BiggerThan,G9,E_AL,0.02,R-160100,G-116
116,BiggerThan,E_CR,E_AL,0.02,R-160200,R-160000
117,BiggerOrEqual,G5,DATA_TEST_F,55,G-118,G-145
118,Equal,FIRST_ELEM,DATA_TEST_S,Ti,R-131000,G-119
119,Equal,FIRST_ELEM,DATA_TEST_S,Cu,G-120,G-135
120,BiggerThan,E_CU,G7,95,R-470000,G-121
121,BiggerThan,E_PB,E_SN,1,G-122,G-125
122,BiggerThan,E_PB,E_ZN,1,G-123,G-125
123,BiggerThan,E_PB,G7,10,G-124,R-143000
124,BiggerThan,E_FE,DATA_TEST_F,5,R-143100,R-143200
125,BiggerThan,E_SN,E_ZN,1,G-126,G-129
126,BiggerThan,E_SN,E_PB,1,G-127,G-129
127,BiggerThan,E_PB,G7,5,R-142200,G-128
128,SmallerThan,E_PB,G7,5,R-142100,R-142000
129,BiggerThan,E_ZN,E_PB,1,G-130,R-140000
130,BiggerThan,E_ZN,E_SN,1,G-131,R-140000
131,BiggerThan,E_PB,G7,1.5,G-132,G-133
132,SmallerThan,E_ZN,G7,13,R-141200,R-141500
133,BiggerOrEqual,E_ZN,G7,13,G-134,R-141100
134,SmallerOrEqual,E_PB,G7,1.5,R-141400,R-141000
135,Equal,FIRST_ELEM,DATA_TEST_S,Zn,G-136,G-138
136,BiggerThan,G13,DATA_TEST_F,50,G-137,R-151000
137,Equal,SECOND_ELEM,DATA_TEST_S,P,R-550000,R-151000
138,Equal,FIRST_ELEM,DATA_TEST_S,Co,G-139,G-251
139,BiggerThan,E_CO,G19,48,G-140,R-181000
140,SmallerThan,E_CO,G19,66,G-141,R-181000
141,BiggerThan,E_NI,G19,9,G-142,R-181000
142,SmallerThan,E_NI,G19,27,G-143,R-181000
143,BiggerThan,E_CR,G19,18,G-144,R-181000
144,SmallerThan,E_CR,G19,35,G-244,R-181000
145,BiggerOrEqual,G10,DATA_TEST_F,55,G-146,G-198
146,Equal,FIRST_ELEM,DATA_TEST_S,Ca,G-147,G-156
147,Equal,SECOND_ELEM,DATA_TEST_S,Mo,R-511000,G-148
148,Equal,SECOND_ELEM,DATA_TEST_S,Na,R-711000,G-149
149,Equal,SECOND_ELEM,DATA_TEST_S,Al,R-712000,G-150
150,Equal,SECOND_ELEM,DATA_TEST_S,Mg,R-713000,G-151
151,BiggerThan,E_SI,E_CA,0.2,G-152,G-153
152,SmallerThan,E_SI,E_CA,0.45,R-741000,G-153
153,BiggerOrEqual,E_SI,E_CA,0.45,G-154,G-155
154,SmallerThan,E_SI,E_CA,0.85,R-742000,G-155
155,BiggerThan,FIRST_PCT,DATA_TEST_F,70,R-710000,R-719000
156,Equal,FIRST_ELEM,DATA_TEST_S,Na,G-157,G-161
157,BiggerThan,G13,DATA_TEST_F,70,R-782000,G-158
158,Equal,SECOND_ELEM,DATA_TEST_S,Cl,R-782100,G-159
159,BiggerThan,E_MO,DATA_TEST_F,25,G-160,R-729000
160,BiggerThan,G11,DATA_TEST_F,40,R-511000,R-729000
161,Equal,FIRST_ELEM,DATA_TEST_S,Ag,G-162,G-163
162,BiggerOrEqual,FIRST_PCT,DATA_TEST_F,35,R-440000,R-530000
163,Equal,FIRST_ELEM,DATA_TEST_S,F,G-164,G-165
164,Equal,SECOND_ELEM,DATA_TEST_S,Al,R-540100,R-540200
165,Equal,FIRST_ELEM,DATA_TEST_S,Cl,G-166,G-167
166,BiggerOrEqual,FIRST_PCT,DATA_TEST_F,25,R-781000,G-167
167,BiggerThan,G14,DATA_TEST_F,50,R-519900,G-168
168,BiggerThan,G9,DATA_TEST_F,28,G-169,G-191
169,SmallerThan,CP,CP_TEST,6,G-170,G-180
170,Equal,CP,CP_TEST,1,G-171,G-172
171,BiggerThan,ASPECT,DATA_TEST_F,3,R-211100,R-211200
172,Equal,CP,CP_TEST,2,G-173,G-174
173,BiggerThan,ASPECT,DATA_TEST_F,3,R-222100,R-222200
174,Equal,CP,CP_TEST,3,G-175,G-176
175,BiggerThan,ASPECT,DATA_TEST_F,3,R-221100,R-221200
176,Equal,CP,CP_TEST,4,G-177,G-178
177,BiggerThan,ASPECT,DATA_TEST_F,3,R-770100,R-770200
178,Equal,CP,CP_TEST,5,G-179,R-910200
179,BiggerThan,ASPECT,DATA_TEST_F,3,R-231100,R-231200
180,Equal,CP,CP_TEST,6,G-181,G-182
181,BiggerThan,ASPECT,DATA_TEST_F,3,R-212100,R-212200
182,Equal,CP,CP_TEST,7,G-183,G-184
183,BiggerThan,ASPECT,DATA_TEST_F,3,R-213100,R-213200
184,Equal,CP,CP_TEST,8,G-185,G-186
185,BiggerThan,ASPECT,DATA_TEST_F,3,R-213100,R-240200
186,Equal,CP,CP_TEST,9,G-187,G-188
187,BiggerThan,ASPECT,DATA_TEST_F,3,R-750100,R-750200
188,Equal,CP,CP_TEST,10,G-189,R-250200
189,BiggerThan,ASPECT,DATA_TEST_F,3,R-770100,R-760200
190,BiggerThan,G15,DATA_TEST_F,50,R-510000,G-191
191,BiggerThan,G13,DATA_TEST_F,50,G-192,G-193
192,Equal,FIRST_ELEM,DATA_TEST_S,P,R-550000,G-193
193,BiggerThan,G12,DATA_TEST_F,40,G-194,G-195
194,Equal,FIRST_ELEM,DATA_TEST_S,Mo,R-511000,G-195
195,BiggerThan,E_MO,DATA_TEST_F,24,G-196,R-200000
196,BiggerThan,G11,DATA_TEST_F,40,G-197,R-200000
197,Equal,FIRST_ELEM,DATA_TEST_S,S,R-511000,R-200000
198,BiggerThan,G16,DATA_TEST_F,55,G-199,G-201
199,BiggerThan,E_SI,DATA_TEST_F,25,G-200,G-201
200,BiggerThan,E_SI,E_AL,1,R-200200,R-200100
201,BiggerThan,G17,DATA_TEST_F,55,G-202,G-204
202,BiggerThan,E_SI,DATA_TEST_F,25,G-203,G-204
203,BiggerThan,E_SI,E_MG,1,R-200400,R-200300
204,BiggerThan,E_SN,DATA_TEST_F,50,R-420000,G-205
205,BiggerThan,E_CD,DATA_TEST_F,50,R-450000,G-206
206,BiggerThan,G18,DATA_TEST_F,45,G-207,G-210
207,BiggerThan,E_MN,DATA_TEST_F,10,G-208,G-210
208,BiggerThan,E_CA,DATA_TEST_F,10,G-209,G-210
209,BiggerThan,E_ZN,DATA_TEST_F,10,R-480000,G-210
210,Equal,FIRST_ELEM,DATA_TEST_S,Pb,R-520000,R-000000
211,BiggerThan,E_CR,G2,0.2,G-212,G-7
212,SmallerOrEqual,E_CR,G2,4,G-213,G-7
213,BiggerThan,E_NI,G2,0.5,G-214,G-7
214,BiggerThan,E_CU,G2,0.7,G-215,G-7
215,SmallerOrEqual,E_CU,G2,5,R-111140,G-7
216,SmallerThan,E_CR,G2,0.25,G-217,G-218
217,SmallerThan,E_NI,G2,0.25,R-111010,G-218
218,SmallerThan,E_CR,G2,0.5,G-219,R-111030
219,SmallerThan,E_NI,G2,0.5,R-111020,R-111030
220,SmallerThan,E_CR,G2,1.25,R-111110,G-221
221,SmallerThan,E_NI,G2,1.25,R-111120,R-111130
222,BiggerThan,E_NI,G2,5,R-111220,R-111210
223,BiggerThan,E_MO,G2,1.5,G-224,R-111390
224,SmallerThan,E_MO,G2,8.5,G-225,R-111390
225,BiggerThan,E_V,G2,0.4,R-111310,R-111390
226,BiggerThan,E_NI,G2,2.5,G-227,R-111600
227,BiggerThan,E_V,E_CR,0.165,G-228,R-111600
228,SmallerThan,E_V,E_CR,0.4,R-113800,R-111600
229,BiggerThan,E_V,E_CR,0.165,G-230,R-111800
230,SmallerThan,E_V,E_CR,0.4,R-113800,R-111800
231,SmallerOrEqual,E_NI,G2,2.5,G-232,R-115100
232,BiggerThan,E_FE,G2,50,G-233,R-115100
233,BiggerThan,E_CR,G2,12.5,G-234,R-115100
234,SmallerThan,E_CR,G2,70,G-235,R-113500
235,BiggerThan,E_V,E_CR,0.165,G-236,R-113500
236,SmallerThan,E_V,E_CR,0.4,R-113800,R-113500
237,SmallerThan,E_NI,G2,4,G-238,G-222
238,SmallerThan,E_CU,G2,5,G-239,G-222
239,BiggerThan,E_CU,G2,0.7,R-111140,G-222
240,BiggerThan,E_NI,G2,30,G-241,G-63
241,SmallerThan,E_NI,G2,60,G-242,G-63
242,SmallerThan,E_CR,G2,5,R-114200,G-63
243,Equal,FIRST_ELEM,DATA_TEST_S,Pb,R-520000,R-199900
244,SmallerThan,E_W,G19,12,R-188200,R-181000
245,BiggerThan,E_CU,E_NI,0.2,R-123000,R-460100
247,SmallerThan,E_CR,G2,4,G-248,G-223
248,SmallerThan,E_NI,G2,4,G-249,G-223
249,SmallerThan,E_CU,G2,5,G-250,G-223
250,BiggerThan,E_CU,G2,0.7,R-111140,G-223
251,Equal,FIRST_ELEM,DATA_TEST_S,Pb,R-520000,R-999000
252,SmallerThan,E_CR,G2,70,G-253,R-115100
253,SmallerThan,E_NI,G2,2.5,G-254,R-115100
254,BiggerThan,E_V,E_CR,0.165,G-255,R-113500
255,SmallerThan,E_V,E_CR,0.4,R-113800,R-113500
256,BiggerThan,E_FE,G2,10,G-257,G-95
257,SmallerThan,E_FE,G2,50,G-258,G-95
258,BiggerThan,E_NI,G2,10,G-259,G-95
259,SmallerThan,E_NI,G2,25,R-192500,G-95
